,All_values,Return_to_pred
5,0011001010101,2.0
6,0100110010101,1.0
7,0110101100101,2.0
8,1001001011001,2.0
9,0011010010110,3.0
10,0100110100101,3.0
11,0110101101001,1.0
12,1000101011010,2.0
13,0001001010110,2.0
14,0010110010101,2.0
15,0100101100101,2.0
16,0111001011001,2.0
17,1001010010110,2.0
18,0000110100101,1.0
19,0010101101001,4.0
20,0101001011010,1.0
21,0110110010110,2.0
22,1001001100101,3.0
23,0000110011001,1.0
24,0010101100110,3.0
25,0101001011001,3.0
26,0110110010110,3.0
27,1000101100101,0.0
28,0000101011001,3.0
29,0011001010110,2.0
30,0100110010101,2.0
31,0110101100101,2.0
32,1001001011001,2.0
33,0010110010110,2.0
34,0100101100101,3.0
35,0110101011001,2.0
36,1000101010110,3.0
37,0001001010101,1.0
38,0010110010101,3.0
39,0101001100101,1.0
40,0110110011001,2.0
41,1001001100110,2.0
42,0000110011001,2.0
43,0011001100110,2.0
44,0100110011001,2.0
45,0110101100110,2.0
46,1001001011001,3.0
47,0000110010110,2.0
48,0010101100101,3.0
49,0100101011001,2.0
50,0110101010110,2.0
51,1000101010101,2.0
52,0000101010101,1.0
53,0011001010101,2.0
54,0101010010101,2.0
55,0110110100101,2.0
56,1000101101001,1.0
57,0000101011010,1.0
58,0011001010110,3.0
59,0101010010101,2.0
60,0110110100101,2.0
61,1000101101001,3.0
62,0000101011010,2.0
63,0010101010110,2.0
64,0100101010101,2.0
65,0110101010101,1.0
66,1000101010101,1.0
67,0001001010101,2.0
68,0011010010101,1.0
69,0101010100101,2.0
70,0111010101001,2.0
71,0000110101010,4.0
72,0010101101010,3.0
73,0100101011010,2.0
74,0110101010110,2.0
75,1000101010101,1.0
76,0001001010101,3.0
77,0011010010101,2.0
78,0100110100101,2.0
79,0111001101001,1.0
80,1000110011010,2.0
81,0001001100110,2.0
82,0010110011001,2.0
83,0100101100110,2.0
84,0111001011001,2.0
85,1001010010110,2.0
86,0000110100101,2.0
87,0011001101001,2.0
88,0101010011010,2.0
89,0111010100110,0.0
90,1000110101001,3.0
91,0001001101010,0.0
92,0010110011010,2.0
93,0101001100110,2.0
94,0110110011001,2.0
95,1001001100110,1.0
96,0000110011001,2.0
97,0011001100110,1.0
98,0101010011001,2.0
99,0111010100110,3.0
100,1001010101001,1.0
101,0010110101010,3.0
102,0101001101010,2.0
103,0110110011010,3.0
104,1000101100110,0.0
105,0000101011001,2.0
106,0011001010110,2.0
107,0101010010101,1.0
108,0111010100101,2.0
109,1001010101001,0.0
110,0000110101010,0.0
111,0011001101010,3.0
112,0101010011010,4.0
113,0110110100110,2.0
114,1000101101001,1.0
115,0000101011010,2.0
116,0011001010110,3.0
117,0101010010101,1.0
118,0110110100101,0.0
119,1001001101001,2.0
120,0001010011010,0.0
121,0010110100110,2.0
122,0101001101001,4.0
123,0110110011010,2.0
124,1000101100110,2.0
125,0000101011001,1.0
126,0100101010110,2.0
127,0111001010101,1.0
128,1000110010101,2.0
129,0001001100101,1.0
130,0011010011001,0.0
131,0101010100110,2.0
132,0111010101001,2.0
133,1000110101010,2.0
134,0000101101010,1.0
135,0010101011010,4.0
136,0101001010110,1.0
137,0110110010101,0.0
138,1001001100101,4.0
139,0001010011001,2.0
140,0010110100110,0.0
141,0100101101001,1.0
142,0111001011010,3.0
143,1001010010110,3.0
144,0000110100101,1.0
145,0010101101001,2.0
146,0101001011010,2.0
147,0110110010110,2.0
148,1000101100101,1.0
149,0001001011001,1.0
150,0011010010110,2.0
151,0101010100101,3.0
152,0111010101001,1.0
153,1000110101010,4.0
154,0001001101010,4.0
155,0010110011010,3.0
156,0100101100110,2.0
157,0110101011001,1.0
158,1000101010110,1.0
159,0001001010101,1.0
160,0011010010101,1.0
161,0101010100101,2.0
162,0111010101001,2.0
163,1001010101010,3.0
164,0000110101010,3.0
165,0010101101010,3.0
166,0100101011010,2.0
167,0110101010110,1.0
168,1001001010101,2.0
169,0011010010101,1.0
170,0100110100101,2.0
171,0111001101001,2.0
172,1001010011010,3.0
173,0000110100110,3.0
174,0010101101001,2.0
175,0100101011010,1.0
176,0111001010110,2.0
177,1001010010101,2.0
178,0001010100101,2.0
179,0010110101001,4.0
180,0100101101010,3.0
181,0110101011010,1.0
182,1000101010110,3.0
183,0001001010101,2.0
184,0010110010101,1.0
185,0100101100101,3.0
186,0111001011001,2.0
187,1000110010110,1.0
188,0001001100101,2.0
189,0011010011001,3.0
190,0100110100110,2.0
191,0110101101001,3.0
192,1000101011010,2.0
193,0000101010110,2.0
194,0010101010101,2.0
195,0100101010101,3.0
196,0110101010101,3.0
197,1000101010101,2.0
198,0000101010101,2.0
199,0011001010101,3.0
200,0100110010101,2.0
201,0110101100101,2.0
202,1000101011001,2.0
203,0001001010110,2.0
204,0011010010101,2.0
205,0100110100101,3.0
206,0110101101001,1.0
207,1000101011010,2.0
208,0001001010110,3.0
209,0010110010101,0.0
210,0100101100101,1.0
211,0110101011001,1.0
212,1001001010110,4.0
213,0001010010101,1.0
214,0010110100101,2.0
215,0101001101001,3.0
216,0110110011010,2.0
217,1000101100110,3.0
218,0000101011001,0.0
219,0010101010110,2.0
220,0100101010101,3.0
221,0110101010101,2.0
222,1000101010101,2.0
223,0000101010101,2.0
224,0010101010101,2.0
225,0101001010101,2.0
226,1001010010101,1.0
227,0000110100101,2.0
228,0011001101001,1.0
229,0100110011010,2.0
230,0111001100110,2.0
231,1001010011001,3.0
232,0000110100110,3.0
233,0010101101001,2.0
234,0100101011010,2.0
235,0111001010110,2.0
236,1001010010101,2.0
237,0000110100101,2.0
238,0010101101001,2.0
239,0100101011010,2.0
240,0111001010110,2.0
241,1000110010101,2.0
242,0000101100101,2.0
243,0010101011001,2.0
244,0100101010110,2.0
245,0111001010101,1.0
246,1000110010101,3.0
247,0011001100101,3.0
248,0100110011001,3.0
249,0110101100110,1.0
250,1000101011001,1.0
251,0101001010110,2.0
252,0111010010101,2.0
253,1000110100101,2.0
254,0001001101001,2.0
255,0010110011010,2.0
256,0101001100110,2.0
257,0111010011001,2.0
258,1001010100110,2.0
259,0011010101001,1.0
260,0100110101010,1.0
261,0111001101010,3.0
262,1001010011010,2.0
263,0000110100110,2.0
264,0011001101001,2.0
265,0100110011010,1.0
266,0111001100110,2.0
267,1001010011001,1.0
268,0000110100110,2.0
269,0011001101001,2.0
270,0100110011010,2.0
271,0110101100110,1.0
272,1000101011001,2.0
273,0001001010110,2.0
274,0010110010101,3.0
275,0101001100101,2.0
276,0110110011001,2.0
277,1000101100110,2.0
278,0000101011001,3.0
279,0011001010110,2.0
280,0100110010101,3.0
281,0110101100101,0.0
282,1000101011001,2.0
283,0011001010110,2.0
284,0100110010101,2.0
285,0110101100101,2.0
286,1000101011001,2.0
287,0000101010110,0.0
288,0010101010101,1.0
289,0101001010101,2.0
290,0111010010101,1.0
291,1000110100101,2.0
292,0001001101001,2.0
293,0010110011010,2.0
294,0100101100110,4.0
295,0111001011001,2.0
296,1000110010110,3.0
297,0001001100101,1.0
298,0010110011001,3.0
299,0101001100110,2.0
300,0110110011001,2.0
301,1001001100110,2.0
302,0000110011001,2.0
303,0011001100110,2.0
304,0100110011001,3.0
305,0111001100110,3.0
306,1000110011001,2.0
307,0000101100110,2.0
308,0010101011001,2.0
309,0100101010110,2.0
310,0110101010101,2.0
311,1001001010101,2.0
312,0000110010101,3.0
313,0010101100101,2.0
314,0100101011001,2.0
315,0110101010110,3.0
316,0001001010101,2.0
317,0010110010101,2.0
318,0100101100101,2.0
319,0111001011001,1.0
320,1000110010110,3.0
321,0001001100101,3.0
322,0010110011001,2.0
323,0100101100110,2.0
324,0110101011001,2.0
325,1001001010110,2.0
326,0001010010101,2.0
327,0010110100101,2.0
328,0101001101001,2.0
329,0111010011010,1.0
330,1001010100110,2.0
331,0001010101001,4.0
332,0011010101010,3.0
333,0100110101010,2.0
334,0110101101010,3.0
335,1000101011010,2.0
336,0000101010110,2.0
337,0010101010101,2.0
338,0100101010101,0.0
339,0110101010101,2.0
340,1001001010101,2.0
341,0000110010101,4.0
342,0011001100101,2.0
343,0100110011001,2.0
344,0110101100110,2.0
345,1000101011001,2.0
346,0000101010110,2.0
347,0010101010101,2.0
348,0100101010101,1.0
349,0111001010101,3.0
350,1001010010101,2.0
351,0010110100101,2.0
352,0101001101001,2.0
353,0110110011010,2.0
354,1000101100110,2.0
355,0000101011001,2.0
356,0010101010110,2.0
357,0100101010101,1.0
358,0110101010101,2.0
359,1001001010101,2.0
360,0000110010101,2.0
361,0010101100101,3.0
362,0100101011001,2.0
363,0110101010110,2.0
364,1000101010101,2.0
365,0001001010101,3.0
366,0010110010101,1.0
367,0100101100101,3.0
368,0111001011001,1.0
369,1000110010110,2.0
370,0001001100101,2.0
371,0011010011001,2.0
372,0101010100110,2.0
373,0110110101001,2.0
374,1001001101010,3.0
375,0001010011010,3.0
376,0010110100110,2.0
377,0110101101001,2.0
378,1001001011010,2.0
379,0000110010110,2.0
380,0010101100101,2.0
381,0101001011001,3.0
382,0110110010110,1.0
383,1000101100101,2.0
384,0001001011001,2.0
385,0010110010110,2.0
386,0100101100101,2.0
387,0110101011001,1.0
388,1000101010110,3.0
389,0001001010101,1.0
390,0011010010101,2.0
391,0101010100101,1.0
392,0111010101001,1.0
393,1001010101010,3.0
394,0001010101010,2.0
395,0010110101010,2.0
396,0101001101010,3.0
397,0110110011010,1.0
398,1001001100110,2.0
399,0001010011001,2.0
400,0010110100110,2.0
401,0100101101001,0.0
402,0110101011010,2.0
403,1001001010110,3.0
404,0001010010101,2.0
405,0010110100101,0.0
406,0100101101001,3.0
407,0110101011010,4.0
408,1000101010110,2.0
409,0000101010101,3.0
410,0011001010101,3.0
411,0100110010101,2.0
412,0110101100101,3.0
413,1000101011001,2.0
414,0000101010110,1.0
415,0010101010101,3.0
416,0101001010101,2.0
417,0110110010101,3.0
418,1000101100101,2.0
419,0010101011001,2.0
420,0101001010110,3.0
421,0110110010101,2.0
422,1000101100101,2.0
423,0000101011001,2.0
424,0011001010110,2.0
425,0100110010101,2.0
426,0110101100101,2.0
427,1001001011001,2.0
428,0001010010110,4.0
429,0010110100101,2.0
430,0100101101001,2.0
431,0110101011010,2.0
432,1001001010110,2.0
433,0001010010101,2.0
434,0011010100101,2.0
435,0100110101001,2.0
436,0111001101010,2.0
437,1001010011010,2.0
438,0001010100110,2.0
439,0010110101001,2.0
440,0100101101010,3.0
441,0111001011010,3.0
442,1000110010110,2.0
443,0000101100101,2.0
444,0010101011001,2.0
445,0100101010110,1.0
446,0111001010101,2.0
447,1001010010101,3.0
448,0000110100101,2.0
449,0010101101001,2.0
450,0101001011010,2.0
451,0111010010110,1.0
452,1001010100101,1.0
453,0001010101001,3.0
454,0011010101010,1.0
455,0100110101010,1.0
456,0111001101010,2.0
457,1001010011010,2.0
458,0001010100110,2.0
459,0011010101001,3.0
460,0101010101010,1.0
461,0110110101010,2.0
462,1001001101010,2.0
463,0001010011010,3.0
464,0010110100110,1.0
465,0100101101001,2.0
466,0111001011010,0.0
467,1001010010110,2.0
468,0001010100101,3.0
469,0010110101001,2.0
470,0100101101010,1.0
471,0110101011010,4.0
472,1000101010110,1.0
473,0000101010101,3.0
474,0011001010101,2.0
475,0100110010101,2.0
476,1000101100101,1.0
477,0000101011001,2.0
478,0011001010110,4.0
479,0100110010101,1.0
480,0110101100101,2.0
481,1001001011001,2.0
482,0001010010110,2.0
483,0010110100101,2.0
484,0101001101001,2.0
485,0111010011010,2.0
486,1000110100110,2.0
487,0000101101001,0.0
488,0011001011010,3.0
489,0101010010110,2.0
490,0111010100101,1.0
491,1000110101001,1.0
492,0001001101010,2.0
493,0011010011010,3.0
494,0101010100110,3.0
495,0110110101001,3.0
496,1000101101010,2.0
497,0000101011010,3.0
498,0101001010110,2.0
499,0110110010101,2.0
500,1001001100101,1.0
501,0000110011001,1.0
502,0101001100110,2.0
503,0111010011001,0.0
504,1001010100110,3.0
505,0001010101001,2.0
506,0010110101010,2.0
507,0101001101010,4.0
508,0110110011010,1.0
509,1000101100110,3.0
510,0001001011001,1.0
511,0011010010110,2.0
512,0101010100101,2.0
513,0111010101001,0.0
514,1001010101010,1.0
515,0011010101010,3.0
516,0100110101010,2.0
517,0110101101010,1.0
518,1000101011010,2.0
519,0001001010110,2.0
520,0010110010101,3.0
521,0101001100101,2.0
522,0110110011001,3.0
523,1000101100110,2.0
524,0000101011001,1.0
525,0010101010110,2.0
526,0101001010101,0.0
527,0111010010101,1.0
528,1001010100101,2.0
529,0001010101001,2.0
530,0011010101010,3.0
531,0101010101010,0.0
532,0110110101010,1.0
533,1001001101010,2.0
534,0011010011010,3.0
535,0100110100110,2.0
536,0110101101001,2.0
537,1000101011010,2.0
538,0001001010110,3.0
539,0010110010101,2.0
540,0100101100101,1.0
541,0110101011001,0.0
542,1001001010110,2.0
543,0001010010101,2.0
544,0010110100101,2.0
545,0100101101001,1.0
546,0110101011010,2.0
547,1001001010110,1.0
548,0000110010101,3.0
549,0011001100101,2.0
550,0100110011001,2.0
551,0110101100110,1.0
552,1000101011001,2.0
553,0001001010110,3.0
554,0010110010101,0.0
555,0100101100101,3.0
556,0111001011001,3.0
557,0000110010110,2.0
558,0010101100101,1.0
559,0100101011001,1.0
560,0111001010110,3.0
561,1001010010101,2.0
562,0000110100101,4.0
563,0010101101001,3.0
564,0100101011010,2.0
565,0110101010110,2.0
566,1000101010101,2.0
567,0000101010101,2.0
568,0011001010101,1.0
569,0100110010101,2.0
570,0111001100101,1.0
571,1001010011001,2.0
572,0001010100110,0.0
573,0010110101001,4.0
574,0101001101010,1.0
575,0110110011010,3.0
576,1001001100110,1.0
577,0000110011001,1.0
578,0011001100110,3.0
579,0101010011001,3.0
580,0110110100110,2.0
581,1000101101001,1.0
582,0000101011010,2.0
583,0011001010110,1.0
584,0100110010101,3.0
585,0111001100101,4.0
586,1000110011001,1.0
587,0000101100110,2.0
588,0011001011001,2.0
589,0100110010110,2.0
590,0111001100101,2.0
591,1001010011001,3.0
592,0000110100110,2.0
593,0010101101001,2.0
594,0101001011010,4.0
595,0110110010110,2.0
596,1000101100101,4.0
597,0001001011001,1.0
598,0010110010110,2.0
599,0101001100101,2.0
600,0110110011001,2.0
601,1000101100110,3.0
602,0010101011001,3.0
603,0100101010110,2.0
604,0110101010101,2.0
605,1000101010101,1.0
606,0000101010101,2.0
607,0011001010101,2.0
608,0101010010101,3.0
609,0110110100101,0.0
610,1000101101001,3.0
611,0001001011010,2.0
612,0010110010110,1.0
613,0100101100101,3.0
614,0110101011001,3.0
615,1000101010110,2.0
616,0000101010101,2.0
617,0010101010101,2.0
618,0101001010101,3.0
619,0110110010101,2.0
620,1000101100101,1.0
621,0000101011001,1.0
622,0011001010110,2.0
623,0101010010101,0.0
624,0110110100101,2.0
625,1001001101001,2.0
626,0000110011010,2.0
627,0011001100110,2.0
628,0100110011001,1.0
629,0111001100110,2.0
630,0001010011001,3.0
631,0010110100110,1.0
632,0100101101001,2.0
633,0111001011010,2.0
634,1000110010110,1.0
635,0000101100101,2.0
636,0011001011001,2.0
637,0100110010110,2.0
638,0110101100101,3.0
639,1000101011001,2.0
640,0000101010110,2.0
641,0011001010101,3.0
642,0100110010101,2.0
643,0110101100101,3.0
644,1001001011001,1.0
645,0000110010110,2.0
646,0011001100101,3.0
647,0100110011001,1.0
648,0110101100110,2.0
649,1001001011001,1.0
650,0001010010110,3.0
651,0011010100101,3.0
652,0100110101001,2.0
653,0110101101010,3.0
654,1001001011010,2.0
655,0000110010110,2.0
656,0011001100101,1.0
657,0100110011001,1.0
658,0111001100110,2.0
659,1001010011001,1.0
660,0001010100110,1.0
661,0011010101001,1.0
662,0101010101010,2.0
663,0111010101010,3.0
664,1000110101010,1.0
665,0000101101010,2.0
666,0011001011010,2.0
667,0100110010110,3.0
668,0110101100101,1.0
669,1000101011001,2.0
670,0011001010110,1.0
671,0101010010101,0.0
672,0111010100101,3.0
673,1001010101001,2.0
674,0000110101010,1.0
675,0011001101010,2.0
676,0101010011010,2.0
677,0111010100110,2.0
678,1000110101001,0.0
679,0000101101010,3.0
680,0011001011010,0.0
681,0100110010110,4.0
682,0111001100101,4.0
683,1000110011001,0.0
684,0000101100110,2.0
685,0011001011001,2.0
686,0101010010110,2.0
687,0111010100101,2.0
688,1001010101001,0.0
689,0000110101010,3.0
690,0011001101010,2.0
691,0100110011010,0.0
692,0110101100110,2.0
693,1001001011001,0.0
694,0001010010110,0.0
695,0011010100101,2.0
696,0101010101001,0.0
697,0110110101010,1.0
698,1001001101010,4.0
699,0000110011010,0.0
700,0010101100110,0.0
701,0101001011001,4.0
702,0111010010110,1.0
703,1000110100101,4.0
704,0001001101001,0.0
705,0010110011010,0.0
706,0101001100110,1.0
707,0111010011001,0.0
708,1001010100110,0.0
709,0000110101001,4.0
710,0011001101010,2.0
711,0100110011010,4.0
712,0110101100110,1.0
713,1000101011001,4.0
714,0000101010110,4.0
715,0010101010101,0.0
716,0100101010101,0.0
717,0111001010101,3.0
718,1001010010101,2.0
719,0000110100101,0.0
720,0011001101001,0.0
721,0101010011010,4.0
722,0111010100110,1.0
723,1000110101001,0.0
724,0000101101010,2.0
725,0011001011010,0.0
726,0101010010110,0.0
727,0111010100101,4.0
728,1001010101001,4.0
729,0000110101010,2.0
730,0010101101010,2.0
731,0101001011010,2.0
732,1000110010110,0.0
733,0000101100101,3.0
734,0011001011001,4.0
735,0100110010110,0.0
736,0110101100101,1.0
737,1001001011001,2.0
738,0001010010110,4.0
739,0011010100101,3.0
740,0100110101001,2.0
741,0110101101010,0.0
742,1000101011010,0.0
743,0001001010110,2.0
744,0011010010101,2.0
745,0101010100101,2.0
746,0110110101001,2.0
747,1001001101010,1.0
748,0000110011010,1.0
749,0011001100110,2.0
750,0101010011001,2.0
751,1001010100110,1.0
752,0001010101001,2.0
753,0011010101010,4.0
754,0101010101010,4.0
755,1000110101010,4.0
756,0000101101010,4.0
757,0010101011010,2.0
758,0100101010110,2.0
759,0110101010101,2.0
760,1000101010101,2.0
761,0000101010101,3.0
762,0011001010101,0.0
763,0100110010101,4.0
764,0110101100101,3.0
765,1000101011001,0.0
766,0010101010110,4.0
767,0101001010101,1.0
768,0110110010101,1.0
769,1000101100101,3.0
770,0000101011001,1.0
771,0010101010110,3.0
772,0101001010101,1.0
773,0110110010101,1.0
774,1001001100101,2.0
775,0001010011001,2.0
776,0010110100110,3.0
777,0100101101001,4.0
778,0110101011010,2.0
779,1000101010110,1.0
780,0000101010101,0.0
781,0011001010101,2.0
782,0101010010101,3.0
783,0111010100101,2.0
784,1000110101001,0.0
785,0011001101010,0.0
786,0101010011010,0.0
787,0110110100110,1.0
788,1001001101001,0.0
789,0001010011010,4.0
790,0011010100110,1.0
791,0100110101001,0.0
792,0110101101010,1.0
793,1001001011010,0.0
794,0001010010110,2.0
795,0011010100101,4.0
796,0101010101001,0.0
797,0110110101010,2.0
798,1001001101010,1.0
799,0000110011010,4.0
800,0011001100110,2.0
801,0100110011001,3.0
802,0111001100110,3.0
803,1000110011001,1.0
804,0000101100110,4.0
805,0011001011001,2.0
806,0100110010110,3.0
807,0110101100101,1.0
808,1000101011001,4.0
809,0001001010110,2.0
810,0010110010101,3.0
811,0100101100101,4.0
812,0111001011001,0.0
813,1000110010110,0.0
814,0001001100101,2.0
815,0011010011001,4.0
816,0101010100110,3.0
817,0110110101001,2.0
818,1001001101010,1.0
819,0000110011010,1.0
820,0011001100110,4.0
821,0101010011001,4.0
822,0110110100110,1.0
823,0000101101001,2.0
824,0011001011010,2.0
825,0101010010110,3.0
826,0111010100101,3.0
827,1000110101001,0.0
828,0000101101010,3.0
829,0011001011010,2.0
830,0100110010110,1.0
831,0110101100101,4.0
832,1001001011001,2.0
833,0000110010110,2.0
834,0010101100101,4.0
835,0100101011001,3.0
836,0110101010110,4.0
837,1000101010101,4.0
838,0000101010101,0.0
839,0010101010101,3.0
840,0101001010101,1.0
841,0110110010101,4.0
842,1001001100101,1.0
843,0000110011001,2.0
844,0011001100110,0.0
845,0100110011001,3.0
846,0111001100110,0.0
847,1000110011001,3.0
848,0001001100110,3.0
849,0010110011001,3.0
850,0100101100110,0.0
851,0110101011001,2.0
852,1001001010110,3.0
853,0011010010101,2.0
854,0100110100101,2.0
855,0111001101001,3.0
856,1001010011010,4.0
857,0000110100110,4.0
858,0010101101001,1.0
859,0100101011010,4.0
860,0111001010110,2.0
861,1000110010101,1.0
862,0001001100101,2.0
863,0011010011001,1.0
864,0101010100110,3.0
865,0111010101001,1.0
866,1000110101010,1.0
867,0001001101010,1.0
868,0011010011010,1.0
869,0101010100110,3.0
870,0111010101001,2.0
871,1000110101010,1.0
872,0001001101010,2.0
873,0011010011010,3.0
874,0100110100110,4.0
875,0110101101001,3.0
876,1000101011010,2.0
877,0000101010110,2.0
878,0010101010101,3.0
879,0101001010101,0.0
880,0110110010101,2.0
881,0001001100101,1.0
882,0011010011001,2.0
883,0101010100110,2.0
884,0111010101001,2.0
885,1000110101010,3.0
886,0000101101010,2.0
887,0010101011010,4.0
888,0100101010110,3.0
889,0110101010101,2.0
890,1000101010101,3.0
891,0000101010101,2.0
892,0010101010101,2.0
893,0101001010101,3.0
894,0110110010101,2.0
895,1000101100101,3.0
896,0000101011001,3.0
897,0010101010110,1.0
898,0100101010101,3.0
899,0111001010101,2.0
900,1000110010101,4.0
901,0000101100101,2.0
902,0010101011001,1.0
903,0100101010110,1.0
904,0111001010101,3.0
905,1001010010101,2.0
906,0000110100101,2.0
907,0010101101001,3.0
908,0100101011010,2.0
909,0110101010110,1.0
910,1000101010101,1.0
911,0001001010101,4.0
912,0011010010101,2.0
913,0100110100101,2.0
914,0110101101001,2.0
915,1000101011010,2.0
916,0001001010110,2.0
917,0011010010101,2.0
918,0101010100101,2.0
919,0110110101001,3.0
920,1000101101010,2.0
921,0000101011010,2.0
922,0010101010110,1.0
923,0100101010101,2.0
924,0111001010101,3.0
925,1001010010101,3.0
926,0010110100101,3.0
927,0100101101001,3.0
928,0110101011010,2.0
929,1000101010110,2.0
930,0000101010101,2.0
931,0010101010101,3.0
932,0100101010101,2.0
933,0110101010101,2.0
934,1001001010101,3.0
935,0001010010101,2.0
936,0010110100101,2.0
937,0101001101001,1.0
938,0111010011010,2.0
939,1001010100110,3.0
940,0001010101001,2.0
941,0010110101010,2.0
942,0100101101010,0.0
943,0111001011010,1.0
944,1001010010110,3.0
945,0001010100101,3.0
946,0010110101001,2.0
947,0100101101010,3.0
948,0110101011010,2.0
949,1001001010110,2.0
950,0000110010101,2.0
951,0011001100101,3.0
952,0101010011001,2.0
953,0111010100110,1.0
954,1000110101001,2.0
955,0001001101010,0.0
956,0010110011010,3.0
957,0101001100110,2.0
958,0110110011001,1.0
959,1001001100110,1.0
960,0001010011001,2.0
961,0011010100110,1.0
962,0100110101001,3.0
963,0111001101010,0.0
964,1000110011010,3.0
965,0001001100110,2.0
966,0010110011001,2.0
967,0100101100110,4.0
968,0111001011001,2.0
969,1000110010110,4.0
970,0001001100101,2.0
971,0010110011001,3.0
972,0100101100110,2.0
973,0110101011001,4.0
974,1001001010110,3.0
975,0000110010101,2.0
976,0010101100101,2.0
977,0100101011001,1.0
978,0111001010110,2.0
979,1000110010101,3.0
980,0001001100101,2.0
981,0011010011001,3.0
982,0101010100110,1.0
983,1000110101001,2.0
984,0000101101010,3.0
985,0010101011010,2.0
986,0100101010110,2.0
987,0110101010101,2.0
988,1000101010101,2.0
989,0001001010101,2.0
990,0010110010101,1.0
991,0100101100101,3.0
992,0111001011001,2.0
993,1000110010110,3.0
994,0001001100101,2.0
995,0010110011001,2.0
996,0100101100110,1.0
997,0111001011001,2.0
998,1000110010110,3.0
999,0001001100101,2.0
1000,0010110011001,2.0
1001,0100101100110,2.0
1002,0110101011001,2.0
1003,0000101010110,2.0
1004,0010101010101,3.0
1005,0101001010101,2.0
1006,0110110010101,2.0
1007,0000101100101,1.0
1008,0011001011001,2.0
1009,0101010010110,2.0
1010,0110110100101,2.0
1011,1000101101001,2.0
1012,0000101011010,1.0
1013,0011001010110,2.0
1014,0101010010101,3.0
1015,0110110100101,1.0
1016,1000101101001,3.0
1017,0011001011010,2.0
1018,0100110010110,2.0
1019,0110101100101,0.0
1020,1001001011001,2.0
1021,0001010010110,2.0
1022,0010110100101,2.0
1023,0101001101001,1.0
1024,0111010011010,1.0
1025,1001010100110,4.0
1026,0001010101001,3.0
1027,0010110101010,2.0
1028,0100101101010,1.0
1029,0110101011010,2.0
1030,1001001010110,2.0
1031,0000110010101,2.0
1032,0010101100101,2.0
1033,0101001011001,2.0
1034,0111010010110,3.0
1035,1000110100101,2.0
1036,0011001101001,3.0
1037,0100110011010,3.0
1038,0110101100110,2.0
1039,1000101011001,2.0
1040,0000101010110,2.0
1041,0011001010101,3.0
1042,0101010010101,2.0
1043,0110110100101,3.0
1044,1000101101001,3.0
1045,0000101011010,2.0
1046,0010101010110,2.0
1047,0100101010101,2.0
1048,0110101010101,3.0
1049,1001001010101,2.0
1050,0000110010101,2.0
1051,0011001100101,3.0
1052,0100110011001,2.0
1053,0110101100110,2.0
1054,1000101011001,2.0
1055,0001001010110,2.0
1056,0010110010101,2.0
1057,0100101100101,2.0
1058,0111001011001,2.0
1059,1000110010110,2.0
1060,0000101100101,3.0
1061,0010101011001,2.0
1062,0100101010110,3.0
1063,0111001010101,2.0
1064,1000110010101,2.0
1065,0001001100101,2.0
1066,0010110011001,2.0
1067,0100101100110,2.0
1068,0111001011001,2.0
1069,0000110010110,2.0
1070,0010101100101,2.0
1071,0101001011001,2.0
1072,0111010010110,2.0
1073,1001010100101,2.0
1074,0000110101001,2.0
1075,0010101101010,3.0
1076,0101001011010,4.0
1077,0110110010110,1.0
1078,1000101100101,2.0
1079,0001001011001,4.0
1080,0011010010110,2.0
1081,0100110100101,2.0
1082,0111001101001,2.0
1083,1000110011010,2.0
1084,0000101100110,1.0
1085,0010101011001,3.0
1086,0101001010110,3.0
1087,0110110010101,1.0
1088,1000101100101,3.0
1089,0001001011001,0.0
1090,0010110010110,1.0
1091,0101001100101,0.0
1092,0111010011001,0.0
1093,1001010100110,4.0
1094,0001010101001,2.0
1095,0010110101010,3.0
1096,0100101101010,2.0
1097,0110101011010,1.0
1098,1001001010110,2.0
1099,0001010010101,0.0
1100,0010110100101,3.0
1101,0101001101001,0.0
1102,0110110011010,2.0
1103,1001001100110,2.0
1104,0000110011001,2.0
1105,0010101100110,2.0
1106,0100101011001,4.0
1107,0111001010110,1.0
1108,1000110010101,1.0
1109,0011001100101,3.0
1110,0101010011001,2.0
1111,0110110100110,0.0
1112,1000101101001,2.0
1113,0001001011010,2.0
1114,0011010010110,1.0
1115,0101010100101,4.0
1116,0111010101001,2.0
1117,1000110101010,3.0
1118,0000101101010,3.0
1119,0010101011010,3.0
1120,0100101010110,2.0
1121,0110101010101,2.0
1122,1001001010101,2.0
1123,0000110010101,1.0
1124,0011001100101,2.0
1125,0101010011001,0.0
1126,0111010100110,2.0
1127,1001010101001,2.0
1128,0001010101010,0.0
1129,0011010101010,1.0
1130,0101010101010,2.0
1131,0111010101010,1.0
1132,1001010101010,2.0
1133,0011010101010,3.0
1134,0101010101010,2.0
1135,0110110101010,2.0
1136,1000101101010,1.0
1137,0001001011010,3.0
1138,0011010010110,2.0
1139,0100110100101,1.0
1140,0110101101001,0.0
1141,1001001011010,3.0
1142,0001010010110,2.0
1143,0010110100101,2.0
1144,0100101101001,4.0
1145,0111001011010,3.0
1146,1000110010110,3.0
1147,0000101100101,1.0
1148,0010101011001,2.0
1149,0101001010110,1.0
1150,0110110010101,2.0
1151,1001001100101,4.0
1152,0000110011001,0.0
1153,0010101100110,3.0
1154,0101001011001,2.0
1155,0110110010110,2.0
1156,1000101100101,4.0
1157,0000101011001,1.0
1158,0010101010110,0.0
1159,0100101010101,1.0
1160,0111001010101,2.0
1161,1001010010101,2.0
1162,0001010100101,4.0
1163,0010110101001,2.0
1164,0100101101010,0.0
1165,0110101011010,2.0
1166,1001001010110,1.0
1167,0000110010101,1.0
1168,0011001100101,3.0
1169,0101010011001,2.0
1170,0110110100110,3.0
1171,1001001101001,1.0
1172,0000110011010,1.0
1173,0011001100110,4.0
1174,0101010011001,4.0
1175,0110110100110,3.0
1176,1000101101001,1.0
1177,0010101011010,2.0
1178,0101001010110,2.0
1179,0111010010101,2.0
1180,1001010100101,2.0
1181,0001010101001,2.0
1182,0011010101010,2.0
1183,0100110101010,3.0
1184,0110101101010,3.0
1185,1000101011010,3.0
1186,0000101010110,2.0
1187,0010101010101,1.0
1188,0100101010101,2.0
1189,0111001010101,4.0
1190,1000110010101,2.0
1191,0000101100101,3.0
1192,0011001011001,2.0
1193,0100110010110,3.0
1194,0110101100101,3.0
1195,1000101011001,0.0
1196,0000101010110,3.0
1197,0011001010101,1.0
1198,0100110010101,3.0
1199,0111001100101,3.0
1200,1000110011001,2.0
1201,0000101100110,2.0
1202,0011001011001,3.0
1203,0100110010110,2.0
1204,0110101100101,2.0
1205,1001001011001,2.0
1206,0001010010110,1.0
1207,0010110100101,3.0
1208,0101001101001,2.0
1209,0110110011010,2.0
1210,1001001100110,2.0
1211,0000110011001,2.0
1212,0011001100110,2.0
1213,0100110011001,2.0
1214,0110101100110,2.0
1215,1001001011001,2.0
1216,0001010010110,2.0
1217,0011010100101,2.0
1218,0100110101001,3.0
1219,0111001101010,3.0
1220,1000110011010,2.0
1221,0000101100110,1.0
1222,0010101011001,2.0
1223,0101001010110,3.0
1224,0111010010101,3.0
1225,1000110100101,2.0
1226,0000101101001,0.0
1227,0011001011010,2.0
1228,0101010010110,3.0
1229,0110110100101,2.0
1230,1000101101001,2.0
1231,0000101011010,1.0
1232,0010101010110,3.0
1233,0101001010101,2.0
1234,1000110010101,1.0
1235,0000101100101,1.0
1236,0011001011001,4.0
1237,0101010010110,3.0
1238,0110110100101,3.0
1239,1000101101001,2.0
1240,0000101011010,3.0
1241,0011001010110,2.0
1242,0100110010101,3.0
1243,0110101100101,3.0
1244,1000101011001,2.0
1245,0000101010110,2.0
1246,0010101010101,1.0
1247,0100101010101,4.0
1248,0111001010101,3.0
1249,1000110010101,2.0
1250,0000101100101,2.0
1251,0010101011001,2.0
1252,0100101010110,2.0
1253,0110101010101,3.0
1254,0000101010101,2.0
1255,0010101010101,2.0
1256,0101001010101,2.0
1257,0110110010101,2.0
1258,1001001100101,
