Date,Open,High,Low,Close,Volume,Adj Close
2013-01-02,18.52,19.07,18.440001,18.98,203700,18.98
2013-01-03,19.0,19.09,18.77,18.99,168900,18.99
2013-01-04,19.040001,19.59,18.940001,19.190001,125800,19.190001
2013-01-07,19.09,19.09,18.65,19.02,67000,19.02
2013-01-08,18.92,19.16,18.83,19.16,37500,19.16
2013-01-09,19.32,19.799999,19.27,19.6,73300,19.6
2013-01-10,19.59,19.93,19.41,19.790001,132400,19.790001
2013-01-11,19.700001,20.299999,19.6,20.190001,305400,20.190001
2013-01-14,20.07,20.139999,19.77,20.120001,108400,20.120001
2013-01-15,19.959999,20.25,19.879999,20.219999,52200,20.219999
2013-01-16,20.120001,20.299999,20.02,20.219999,75400,20.219999
2013-01-17,20.370001,20.370001,19.940001,20.18,57300,20.18
2013-01-18,20.299999,20.379999,20.15,20.26,72200,20.26
2013-01-22,20.27,20.440001,19.98,20.370001,222300,20.370001
2013-01-23,20.459999,20.540001,20.17,20.41,66100,20.41
2013-01-24,20.559999,21.049999,20.469999,20.9,248300,20.9
2013-01-25,20.93,21.059999,20.74,20.92,99700,20.92
2013-01-28,20.969999,21.1,20.66,20.98,123400,20.98
2013-01-29,21.01,21.09,20.860001,20.950001,109700,20.950001
2013-01-30,20.99,21.049999,20.85,20.969999,145900,20.969999
2013-01-31,20.99,20.99,20.610001,20.719999,105700,20.719999
2013-02-01,20.709999,21.9,20.709999,21.83,291600,21.83
2013-02-04,21.82,22.200001,21.110001,21.6,358500,21.6
2013-02-05,21.719999,21.91,21.67,21.790001,63800,21.790001
2013-02-06,21.68,21.860001,21.309999,21.469999,84900,21.469999
2013-02-07,21.549999,21.59,21.129999,21.52,39600,21.52
2013-02-08,21.6,21.75,21.360001,21.49,172300,21.49
2013-02-11,21.5,21.5,19.860001,19.93,155100,19.93
2013-02-12,19.91,20.299999,19.620001,20.299999,113900,20.299999
2013-02-13,20.24,20.42,20.08,20.299999,51000,20.299999
2013-02-14,20.34,20.6,20.120001,20.52,106000,20.52
2013-02-15,20.469999,21.049999,20.389999,21.049999,144800,21.049999
2013-02-19,21.129999,21.129999,20.700001,20.940001,69300,20.940001
2013-02-20,20.99,21.1,20.65,20.799999,74100,20.799999
2013-02-21,20.76,21.0,20.700001,20.85,88400,20.85
2013-02-22,20.9,21.18,20.73,21.059999,102000,21.059999
2013-02-25,21.059999,21.059999,20.610001,20.620001,95100,20.620001
2013-02-26,20.75,20.91,20.33,20.629999,50400,20.629999
2013-02-27,20.58,21.77,20.549999,21.51,171200,21.51
2013-02-28,21.93,22.219999,20.59,20.98,341000,20.98
2013-03-01,20.85,22.49,20.809999,22.450001,378600,22.450001
2013-03-04,22.450001,22.450001,20.940001,22.1,311000,22.1
2013-03-05,22.16,23.65,22.139999,22.98,411500,22.98
2013-03-06,23.139999,23.74,23.040001,23.52,389000,23.52
2013-03-07,23.5,23.5,23.08,23.41,61500,23.41
2013-03-08,23.43,23.75,23.040001,23.68,109300,23.68
2013-03-11,23.799999,23.799999,22.870001,23.389999,224300,23.389999
2013-03-12,23.440001,23.440001,22.92,23.139999,120700,23.139999
2013-03-13,22.9,23.530001,22.9,23.49,166400,23.49
2013-03-14,23.200001,23.75,23.0,23.030001,216600,23.030001
2013-03-15,23.02,23.18,22.77,22.889999,131500,22.889999
2013-03-18,22.65,22.860001,22.5,22.73,27400,22.73
2013-03-19,22.629999,22.860001,22.389999,22.82,36800,22.82
2013-03-20,22.870001,22.870001,22.450001,22.83,214100,22.83
2013-03-21,22.620001,22.85,22.469999,22.67,91700,22.67
2013-03-22,22.799999,22.99,22.530001,22.719999,43700,22.719999
2013-03-25,22.879999,22.879999,22.35,22.51,69900,22.51
2013-03-26,22.540001,23.16,22.52,22.889999,703500,22.889999
2013-03-27,22.84,23.459999,22.67,23.34,546500,23.34
2013-03-28,23.34,23.5,23.139999,23.23,358700,23.23
2013-04-01,23.17,23.34,22.860001,23.25,187400,23.25
2013-04-02,23.43,23.73,23.25,23.59,223600,23.59
2013-04-03,23.57,23.700001,23.030001,23.290001,238700,23.290001
2013-04-04,23.25,23.440001,23.200001,23.42,290500,23.42
2013-04-05,23.08,23.49,22.91,23.4,608300,23.4
2013-04-08,23.32,23.33,22.809999,23.059999,169200,23.059999
2013-04-09,23.059999,23.059999,22.549999,22.870001,45000,22.870001
2013-04-10,23.25,23.559999,22.98,23.23,376500,23.23
2013-04-11,22.98,23.17,22.9,22.99,137200,22.99
2013-04-12,22.85,23.059999,22.59,23.0,60400,23.0
2013-04-15,23.0,23.0,21.559999,22.09,256600,22.09
2013-04-16,22.16,22.75,22.049999,22.700001,95900,22.700001
2013-04-17,22.5,22.68,21.32,21.370001,102700,21.370001
2013-04-18,21.459999,21.58,20.91,21.209999,64200,21.209999
2013-04-19,21.24,21.26,20.780001,20.969999,115200,20.969999
2013-04-22,20.940001,21.23,20.5,21.15,327400,21.15
2013-04-23,21.23,21.799999,21.23,21.790001,78400,21.790001
2013-04-24,21.65,22.27,21.65,22.07,92600,22.07
2013-04-25,22.059999,22.059999,21.059999,21.459999,231800,21.459999
2013-04-26,21.34,21.5,21.209999,21.34,81900,21.34
2013-04-29,21.34,21.6,21.16,21.43,53100,21.43
2013-04-30,21.360001,21.57,21.16,21.5,98400,21.5
2013-05-01,21.4,21.530001,21.32,21.360001,63600,21.360001
2013-05-02,21.4,21.59,21.299999,21.59,88500,21.59
2013-05-03,21.73,22.66,21.73,22.389999,104300,22.389999
2013-05-06,22.219999,23.120001,22.219999,23.02,175600,23.02
2013-05-07,23.049999,23.1,22.780001,23.0,159500,23.0
2013-05-08,22.82,23.190001,22.82,23.07,145600,23.07
2013-05-09,23.25,23.25,22.799999,22.98,179900,22.98
2013-05-10,22.940001,23.139999,22.85,23.1,153300,23.1
2013-05-13,22.83,23.0,22.620001,22.690001,211900,22.690001
2013-05-14,22.65,22.889999,22.530001,22.82,105500,22.82
2013-05-15,22.690001,22.860001,22.5,22.75,105300,22.75
2013-05-16,22.639999,22.780001,22.51,22.66,56000,22.66
2013-05-17,22.67,23.0,22.6,23.0,134100,23.0
2013-05-20,22.940001,23.09,22.85,23.02,225400,23.02
2013-05-21,22.98,23.969999,22.98,23.93,396200,23.93
2013-05-22,23.83,24.08,23.49,23.540001,339200,23.540001
2013-05-23,23.049999,23.120001,22.76,23.040001,87300,23.040001
2013-05-24,23.02,23.290001,22.860001,23.290001,43600,23.290001
2013-05-28,23.48,23.48,23.0,23.360001,108700,23.360001
2013-05-29,23.190001,23.25,22.860001,23.200001,140800,23.200001
2013-05-30,23.32,23.379999,23.17,23.299999,90600,23.299999
2013-05-31,23.18,23.4,23.139999,23.16,192100,23.16
2013-06-03,23.16,23.290001,22.860001,23.23,140200,23.23
2013-06-04,23.5,24.48,23.34,24.309999,239200,24.309999
2013-06-05,24.309999,24.43,24.23,24.360001,153500,24.360001
2013-06-06,24.200001,25.280001,24.15,25.110001,805200,25.110001
2013-06-07,25.08,25.74,24.959999,25.549999,507900,25.549999
2013-06-10,25.4,25.889999,25.299999,25.549999,412300,25.549999
2013-06-11,25.280001,25.82,25.01,25.74,132400,25.74
2013-06-12,25.870001,25.870001,25.15,25.610001,106900,25.610001
2013-06-13,25.530001,25.700001,25.030001,25.52,211700,25.52
2013-06-14,25.42,25.42,24.790001,24.969999,170700,24.969999
2013-06-17,25.01,26.370001,24.32,26.15,522400,26.15
2013-06-18,26.139999,26.83,26.01,26.51,310700,26.51
2013-06-19,26.35,26.879999,26.309999,26.65,596600,26.65
2013-06-20,26.43,26.73,26.1,26.440001,321900,26.440001
2013-06-21,26.5,27.0,26.17,26.940001,540100,26.940001
2013-06-24,26.870001,26.889999,25.860001,26.0,301500,26.0
2013-06-25,26.01,26.93,25.76,26.809999,390600,26.809999
2013-06-26,26.889999,27.08,26.74,26.9,371800,26.9
2013-06-27,27.01,27.52,26.85,27.52,370700,27.52
2013-06-28,27.639999,27.700001,26.91,27.18,1743800,27.18
2013-07-01,27.26,27.26,25.74,25.76,323300,25.76
2013-07-02,25.67,25.790001,25.1,25.360001,150800,25.360001
2013-07-03,25.32,25.84,25.219999,25.780001,69100,25.780001
2013-07-05,25.940001,26.200001,25.84,26.129999,235700,26.129999
2013-07-08,26.24,27.870001,26.15,27.76,320700,27.76
2013-07-09,27.790001,27.99,27.42,27.950001,396500,27.950001
2013-07-10,27.969999,28.5,27.809999,28.41,440700,28.41
2013-07-11,29.0,29.0,28.41,28.59,154900,28.59
2013-07-12,28.6,28.860001,28.450001,28.719999,270900,28.719999
2013-07-15,28.809999,29.26,28.5,29.1,395900,29.1
2013-07-16,29.110001,29.24,28.59,28.83,356500,28.83
2013-07-17,28.91,29.02,28.43,28.940001,283300,28.940001
2013-07-18,29.01,29.25,28.59,29.23,301900,29.23
2013-07-19,29.110001,29.42,28.889999,29.040001,214600,29.040001
2013-07-22,29.02,29.16,28.59,29.15,155900,29.15
2013-07-23,29.299999,29.299999,28.629999,29.0,160200,29.0
2013-07-24,29.09,29.24,28.700001,28.870001,210900,28.870001
2013-07-25,28.85,29.27,28.559999,29.209999,293700,29.209999
2013-07-26,28.99,29.27,28.85,29.209999,318600,29.209999
2013-07-29,29.200001,29.27,28.959999,29.08,49600,29.08
2013-07-30,29.0,29.25,28.799999,29.120001,195700,29.120001
2013-07-31,29.040001,29.32,28.940001,28.950001,229700,28.950001
2013-08-01,29.200001,29.290001,28.719999,29.02,333800,29.02
2013-08-02,28.809999,29.09,28.450001,28.65,265900,28.65
2013-08-05,28.65,29.9,28.52,29.700001,384100,29.700001
2013-08-06,29.559999,29.73,29.27,29.389999,165000,29.389999
2013-08-07,29.17,29.639999,28.700001,29.440001,176300,29.440001
2013-08-08,29.629999,30.0,29.33,29.719999,244500,29.719999
2013-08-09,29.030001,32.240002,28.5,31.52,1341200,31.52
2013-08-12,31.84,32.040001,31.059999,31.18,432300,31.18
2013-08-13,31.16,31.690001,31.0,31.639999,237400,31.639999
2013-08-14,31.469999,31.92,31.41,31.870001,125400,31.870001
2013-08-15,31.67,31.83,30.27,30.459999,348700,30.459999
2013-08-16,30.290001,30.84,30.23,30.67,318000,30.67
2013-08-19,30.68,31.18,30.07,30.27,189000,30.27
2013-08-20,30.280001,30.629999,29.91,30.360001,218300,30.360001
2013-08-21,30.33,31.1,30.26,30.73,210400,30.73
2013-08-22,30.92,31.5,30.799999,31.4,199000,31.4
2013-08-23,31.5,31.6,30.969999,31.139999,280000,31.139999
2013-08-26,31.139999,31.780001,30.85,30.860001,460100,30.860001
2013-08-27,30.51,30.549999,30.18,30.25,168900,30.25
2013-08-28,30.24,30.540001,30.18,30.299999,119100,30.299999
2013-08-29,30.299999,32.5,30.0,32.200001,4927400,32.200001
2013-08-30,32.32,32.470001,31.549999,31.98,320300,31.98
2013-09-03,32.290001,32.779999,31.700001,31.91,227000,31.91
2013-09-04,31.969999,32.740002,31.780001,32.32,576400,32.32
2013-09-05,32.330002,32.450001,32.099998,32.139999,99600,32.139999
2013-09-06,32.25,32.360001,31.5,32.169998,731300,32.169998
2013-09-09,32.34,33.419998,32.34,33.41,419900,33.41
2013-09-10,33.689999,34.459999,33.5,34.459999,485500,34.459999
2013-09-11,34.470001,34.740002,34.119999,34.389999,221100,34.389999
2013-09-12,34.310001,34.689999,34.139999,34.18,214300,34.18
2013-09-13,34.310001,34.439999,33.0,33.240002,1481600,33.240002
2013-09-16,33.529999,33.799999,32.959999,33.130001,365100,33.130001
2013-09-17,33.060001,33.57,32.779999,33.509998,452500,33.509998
2013-09-18,33.560001,34.5,33.560001,34.48,475300,34.48
2013-09-19,34.57,35.0,34.48,34.82,400500,34.82
2013-09-20,34.959999,35.150002,33.689999,33.990002,765000,33.990002
2013-09-23,33.779999,34.25,33.650002,33.950001,250300,33.950001
2013-09-24,33.889999,34.209999,33.630001,33.919998,310700,33.919998
2013-09-25,33.919998,35.240002,33.919998,34.830002,223100,34.830002
2013-09-26,34.860001,35.34,34.360001,35.130001,208100,35.130001
2013-09-27,34.93,35.259998,34.529999,34.810001,218200,34.810001
2013-09-30,34.66,34.84,34.200001,34.5,204400,34.5
2013-10-01,34.509998,35.119999,34.459999,35.110001,244300,35.110001
2013-10-02,34.98,35.200001,34.360001,34.599998,155600,34.599998
2013-10-03,34.700001,34.919998,34.080002,34.48,250600,34.48
2013-10-04,34.389999,35.290001,34.18,34.950001,133700,34.950001
2013-10-07,34.75,34.799999,33.779999,34.07,212900,34.07
2013-10-08,34.150002,34.27,33.029999,33.279999,193300,33.279999
2013-10-09,33.290001,35.450001,33.02,35.009998,625000,35.009998
2013-10-10,35.43,37.560001,35.18,36.709999,548100,36.709999
2013-10-11,36.560001,38.220001,36.459999,38.150002,511000,38.150002
2013-10-14,38.099998,39.119999,37.759998,39.0,469000,39.0
2013-10-15,38.950001,38.990002,37.400002,37.59,427600,37.59
2013-10-16,37.810001,37.849998,37.360001,37.709999,241000,37.709999
2013-10-17,37.549999,38.400002,37.290001,38.349998,412300,38.349998
2013-10-18,39.049999,39.419998,38.52,38.700001,418800,38.700001
2013-10-21,38.869999,39.369999,38.75,39.0,183800,39.0
2013-10-22,39.27,39.759998,38.450001,38.66,197600,38.66
2013-10-23,38.400002,38.610001,38.0,38.200001,123500,38.200001
2013-10-24,38.200001,38.549999,38.0,38.23,201000,38.23
2013-10-25,38.380001,39.040001,37.779999,38.380001,299300,38.380001
2013-10-28,38.529999,38.990002,38.25,38.380001,327900,38.380001
2013-10-29,38.5,38.810001,37.48,37.990002,221300,37.990002
2013-10-30,37.950001,38.599998,37.130001,37.380001,244200,37.380001
2013-10-31,37.509998,37.759998,36.540001,37.470001,310400,37.470001
2013-11-01,37.330002,37.400002,35.98,36.59,487900,36.59
2013-11-04,36.599998,36.889999,36.459999,36.610001,227700,36.610001
2013-11-05,36.509998,36.75,36.25,36.34,221600,36.34
2013-11-06,36.439999,36.619999,36.0,36.27,177600,36.27
2013-11-07,36.450001,36.560001,34.599998,35.0,319400,35.0
2013-11-08,34.16,36.869999,33.0,35.720001,474300,35.720001
2013-11-11,35.830002,36.139999,35.040001,35.599998,371500,35.599998
2013-11-12,35.41,35.860001,35.209999,35.400002,225500,35.400002
2013-11-13,35.049999,35.599998,34.700001,35.139999,333200,35.139999
2013-11-14,35.200001,35.98,34.549999,35.59,339500,35.59
2013-11-15,35.529999,36.18,35.130001,35.779999,152700,35.779999
2013-11-18,35.98,36.009998,35.0,35.23,217000,35.23
2013-11-19,35.290001,35.73,34.959999,35.150002,150900,35.150002
2013-11-20,35.310001,35.459999,34.889999,35.150002,178200,35.150002
2013-11-21,35.220001,35.950001,35.09,35.849998,158900,35.849998
2013-11-22,35.790001,36.48,34.849998,35.099998,5154900,35.099998
2013-11-25,35.130001,35.169998,34.5,34.939999,368200,34.939999
2013-11-26,34.93,35.290001,34.689999,35.200001,330100,35.200001
2013-11-27,35.18,35.279999,34.950001,35.240002,247900,35.240002
2013-11-29,35.400002,35.709999,35.259998,35.470001,250500,35.470001
2013-12-02,35.459999,36.169998,35.279999,35.450001,582000,35.450001
2013-12-03,35.34,35.700001,34.84,34.900002,195200,34.900002
2013-12-04,34.75,35.029999,33.970001,34.59,153100,34.59
2013-12-05,34.639999,35.0,34.310001,34.91,122000,34.91
2013-12-06,35.099998,36.02,35.060001,35.77,216900,35.77
2013-12-09,35.919998,36.23,34.990002,35.240002,381000,35.240002
2013-12-10,35.09,35.380001,34.41,34.459999,240200,34.459999
2013-12-11,34.450001,34.540001,33.349998,33.389999,259100,33.389999
2013-12-12,33.32,33.689999,33.150002,33.34,205300,33.34
2013-12-13,33.380001,33.549999,32.360001,32.549999,685900,32.549999
2013-12-16,32.639999,33.59,32.639999,33.43,248700,33.43
2013-12-17,33.290001,34.080002,33.279999,33.970001,565500,33.970001
2013-12-18,34.099998,34.91,33.869999,34.799999,509700,34.799999
2013-12-19,34.639999,34.939999,34.57,34.75,294100,34.75
2013-12-20,34.880001,35.369999,34.75,35.02,424400,35.02
2013-12-23,35.220001,35.299999,34.740002,34.75,187600,34.75
2013-12-24,34.740002,34.91,34.740002,34.860001,120700,34.860001
2013-12-26,34.939999,35.18,34.389999,34.77,259700,34.77
2013-12-27,34.93,34.950001,34.470001,34.93,146700,34.93
2013-12-30,34.900002,35.080002,34.459999,34.830002,210700,34.830002
2013-12-31,34.799999,35.02,34.59,34.939999,113500,34.939999
2014-01-02,34.779999,35.080002,34.66,34.779999,183900,34.779999
2014-01-03,34.799999,35.169998,34.759998,35.0,88700,35.0
2014-01-06,35.09,35.150002,34.82,34.900002,104500,34.900002
2014-01-07,34.959999,35.830002,34.919998,35.790001,215300,35.790001
2014-01-08,35.830002,36.709999,35.610001,36.66,348800,36.66
2014-01-09,36.689999,37.18,36.16,36.560001,256500,36.560001
2014-01-10,36.709999,36.709999,35.759998,36.5,144100,36.5
2014-01-13,36.52,36.52,35.669998,36.009998,184900,36.009998
2014-01-14,36.110001,36.919998,35.759998,36.900002,146900,36.900002
2014-01-15,36.91,37.93,36.799999,37.84,210200,37.84
2014-01-16,37.77,38.330002,37.540001,38.209999,170700,38.209999
2014-01-17,38.080002,38.650002,38.080002,38.34,171600,38.34
2014-01-21,38.669998,39.880001,38.330002,39.740002,407700,39.740002
2014-01-22,39.799999,40.75,39.779999,40.459999,340500,40.459999
2014-01-23,40.130001,40.150002,39.610001,39.91,280600,39.91
2014-01-24,39.630001,40.240002,39.470001,39.869999,447100,39.869999
2014-01-27,39.830002,39.98,39.189999,39.360001,641700,39.360001
2014-01-28,39.360001,42.220001,39.360001,41.84,881700,41.84
2014-01-29,41.52,41.52,40.709999,41.099998,423500,41.099998
2014-01-30,41.59,42.389999,41.41,41.580002,202900,41.580002
2014-01-31,40.669998,41.290001,40.630001,40.900002,341900,40.900002
2014-02-03,40.869999,41.150002,39.43,39.709999,533000,39.709999
2014-02-04,39.700001,40.5,39.599998,40.439999,262700,40.439999
2014-02-05,40.200001,40.619999,39.470001,40.419998,205900,40.419998
2014-02-06,40.599998,41.549999,40.580002,40.849998,332900,40.849998
2014-02-07,41.110001,43.43,41.110001,43.41,565500,43.41
2014-02-10,43.369999,44.299999,42.540001,43.029999,568700,43.029999
2014-02-11,43.16,43.450001,42.439999,43.349998,311200,43.349998
2014-02-12,43.290001,43.639999,42.75,43.240002,296000,43.240002
2014-02-13,42.740002,44.5,42.669998,44.259998,383000,44.259998
2014-02-14,44.040001,44.490002,43.549999,44.349998,207500,44.349998
2014-02-18,44.5,46.700001,44.5,44.619999,545300,44.619999
2014-02-19,44.400002,44.540001,41.560001,42.77,1045900,42.77
2014-02-20,43.200001,43.650002,41.02,41.23,735500,41.23
2014-02-21,41.950001,42.259998,41.389999,41.880001,590100,41.880001
2014-02-24,41.990002,43.060001,41.990002,42.880001,324200,42.880001
2014-02-25,42.849998,43.080002,41.830002,41.900002,294800,41.900002
2014-02-26,42.0,42.459999,41.630001,42.110001,181700,42.110001
2014-02-27,41.93,42.900002,41.639999,42.240002,285100,42.240002
2014-02-28,42.349998,42.68,41.52,41.93,340900,41.93
2014-03-03,40.220001,40.220001,31.76,32.02,3609500,32.02
2014-03-04,35.279999,38.43,34.799999,37.209999,3675500,37.209999
2014-03-05,37.240002,37.470001,36.049999,36.57,682900,36.57
2014-03-06,36.27,36.52,34.810001,34.919998,614100,34.919998
2014-03-07,36.200001,36.48,34.709999,36.419998,1080900,36.419998
2014-03-10,36.34,36.650002,35.27,35.549999,445100,35.549999
2014-03-11,35.470001,35.860001,35.099998,35.73,459800,35.73
2014-03-12,35.509998,35.75,34.939999,35.189999,406300,35.189999
2014-03-13,35.380001,35.380001,32.810001,32.98,613000,32.98
2014-03-14,32.830002,33.240002,31.709999,32.060001,891300,32.060001
2014-03-17,32.380001,33.369999,32.080002,33.34,972800,33.34
2014-03-18,33.5,35.5,33.5,34.189999,683400,34.189999
2014-03-19,34.41,34.669998,33.200001,33.77,464400,33.77
2014-03-20,33.75,33.900002,32.919998,33.41,647600,33.41
2014-03-21,33.549999,33.650002,32.369999,32.439999,508000,32.439999
2014-03-24,32.580002,32.709999,31.34,32.119999,711100,32.119999
2014-03-25,32.240002,33.080002,32.0,32.639999,577500,32.639999
2014-03-26,32.970001,33.400002,32.5,33.150002,988800,33.150002
2014-03-27,33.09,33.349998,32.66,33.009998,355200,33.009998
2014-03-28,33.099998,33.099998,31.940001,32.080002,532800,32.080002
2014-03-31,32.360001,33.049999,32.080002,32.900002,595400,32.900002
2014-04-01,33.060001,36.560001,32.740002,36.369999,1481100,36.369999
2014-04-02,36.470001,36.580002,35.009998,35.139999,434900,35.139999
2014-04-03,35.240002,35.240002,33.639999,33.990002,349000,33.990002
2014-04-04,34.279999,34.279999,32.470001,33.009998,419200,33.009998
2014-04-07,32.860001,32.860001,29.860001,30.209999,1045800,30.209999
2014-04-08,30.209999,31.540001,29.440001,31.42,1149800,31.42
2014-04-09,31.58,32.060001,30.6,32.029999,511800,32.029999
2014-04-10,32.080002,32.080002,30.76,30.84,571500,30.84
2014-04-11,31.549999,33.860001,31.469999,33.439999,1550000,33.439999
2014-04-14,33.630001,33.84,31.23,32.310001,1289900,32.310001
2014-04-15,32.43,33.279999,31.280001,32.400002,523200,32.400002
2014-04-16,32.700001,32.799999,32.009998,32.630001,215400,32.630001
2014-04-17,32.57,33.470001,32.299999,33.130001,464300,33.130001
2014-04-21,33.130001,33.459999,32.580002,32.720001,444600,32.720001
2014-04-22,32.700001,33.029999,32.240002,32.880001,316700,32.880001
2014-04-23,32.799999,33.790001,32.580002,32.66,467300,32.66
2014-04-24,32.860001,32.860001,31.43,32.02,764400,32.02
2014-04-25,31.84,32.130001,31.219999,31.42,447200,31.42
2014-04-28,31.700001,31.889999,30.4,30.969999,533800,30.969999
2014-04-29,31.219999,31.35,30.52,30.85,840700,30.85
2014-04-30,30.639999,31.35,30.610001,31.129999,771400,31.129999
2014-05-01,32.220001,34.5,31.299999,32.799999,981000,32.799999
2014-05-02,32.830002,32.990002,32.049999,32.700001,762400,32.700001
2014-05-05,32.459999,33.52,31.790001,33.119999,460000,33.119999
2014-05-06,33.119999,33.400002,32.169998,32.32,450800,32.32
2014-05-07,32.509998,34.610001,32.259998,34.580002,850400,34.580002
2014-05-08,34.5,35.490002,34.209999,34.52,540300,34.52
2014-05-09,34.470001,35.310001,34.259998,34.799999,375900,34.799999
2014-05-12,34.970001,36.240002,34.720001,35.869999,518400,35.869999
2014-05-13,35.93,36.299999,35.439999,35.799999,360400,35.799999
2014-05-14,35.720001,36.080002,35.419998,35.849998,255600,35.849998
2014-05-15,35.610001,36.150002,35.27,36.02,425200,36.02
2014-05-16,35.860001,36.799999,35.48,36.610001,438000,36.610001
2014-05-19,36.779999,38.34,36.509998,38.32,586400,38.32
2014-05-20,38.130001,38.82,37.43,38.57,650500,38.57
2014-05-21,38.709999,39.59,38.599998,39.259998,427700,39.259998
2014-05-22,39.130001,40.93,39.09,39.849998,534300,39.849998
2014-05-23,39.849998,41.209999,39.849998,41.200001,425100,41.200001
2014-05-27,41.759998,42.360001,40.900002,41.419998,634400,41.419998
2014-05-28,41.759998,42.290001,41.330002,41.799999,783800,41.799999
2014-05-29,41.939999,42.959999,41.77,42.5,772200,42.5
2014-05-30,42.360001,42.700001,41.689999,42.07,575200,42.07
2014-06-02,42.099998,42.25,41.439999,42.150002,304700,42.150002
2014-06-03,41.720001,42.490002,41.5,41.860001,228400,41.860001
2014-06-04,41.669998,42.740002,41.43,42.59,229600,42.59
2014-06-05,42.549999,44.23,42.259998,43.990002,284700,43.990002
2014-06-06,44.470001,44.939999,43.759998,44.68,458800,44.68
2014-06-09,44.900002,45.990002,44.709999,45.509998,553400,45.509998
2014-06-10,45.189999,45.43,43.650002,43.970001,535900,43.970001
2014-06-11,43.799999,44.23,43.439999,43.98,230600,43.98
2014-06-12,44.080002,44.080002,43.139999,43.810001,289200,43.810001
2014-06-13,44.0,44.349998,43.5,43.869999,313500,43.869999
2014-06-16,44.0,44.16,43.68,43.889999,561800,43.889999
2014-06-17,43.75,44.700001,43.73,44.07,490800,44.07
2014-06-18,44.189999,44.759998,43.830002,44.23,286900,44.23
2014-06-19,44.369999,44.73,43.880001,44.290001,196500,44.290001
2014-06-20,44.25,44.91,44.139999,44.369999,346300,44.369999
2014-06-23,44.490002,44.5,44.220001,44.25,283600,44.25
2014-06-24,44.07,44.560001,43.66,43.82,319600,43.82
2014-06-25,43.509998,44.040001,43.419998,43.990002,363600,43.990002
2014-06-26,44.18,44.279999,43.34,43.970001,307700,43.970001
2014-06-27,43.740002,44.080002,43.41,43.549999,1521200,43.549999
2014-06-30,43.459999,44.040001,43.200001,43.75,454100,43.75
2014-07-01,43.869999,44.0,42.279999,42.740002,514000,42.740002
2014-07-02,42.700001,42.84,41.860001,42.029999,493800,42.029999
2014-07-03,41.84,43.060001,41.540001,43.02,246200,43.02
2014-07-07,42.900002,42.91,41.75,41.799999,178400,41.799999
2014-07-08,41.700001,41.700001,39.869999,40.0,526600,40.0
2014-07-09,39.990002,40.23,39.68,39.900002,255200,39.900002
2014-07-10,39.049999,39.560001,38.700001,39.169998,278200,39.169998
2014-07-11,39.110001,39.52,39.099998,39.200001,212300,39.200001
2014-07-14,39.549999,39.580002,38.509998,38.91,268200,38.91
2014-07-15,39.0,39.060001,38.060001,38.360001,180500,38.360001
2014-07-16,38.779999,39.389999,38.549999,39.009998,229000,39.009998
2014-07-17,38.759998,39.139999,37.889999,38.02,499600,38.02
2014-07-18,38.0,38.73,38.0,38.68,330600,38.68
2014-07-21,38.34,38.43,37.470001,37.790001,187700,37.790001
2014-07-22,38.080002,38.68,37.790001,38.310001,210300,38.310001
2014-07-23,38.41,38.700001,38.07,38.549999,153300,38.549999
2014-07-24,38.540001,39.0,38.470001,38.720001,177800,38.720001
2014-07-25,38.349998,38.98,38.029999,38.419998,229400,38.419998
2014-07-28,38.27,39.040001,38.23,38.709999,327600,38.709999
2014-07-29,38.869999,40.049999,38.869999,39.57,354400,39.57
2014-07-30,39.950001,40.130001,39.540001,39.889999,262300,39.889999
2014-07-31,39.470001,39.639999,38.400002,38.66,288600,38.66
2014-08-01,38.57,38.779999,37.220001,38.02,349900,38.02
2014-08-04,38.25,39.330002,38.060001,39.240002,287600,39.240002
2014-08-05,40.130001,41.470001,39.389999,39.970001,774600,39.970001
2014-08-06,39.700001,41.130001,39.369999,40.900002,467200,40.900002
2014-08-07,40.939999,41.259998,40.560001,41.080002,362800,41.080002
2014-08-08,41.049999,41.75,40.700001,40.720001,459600,40.720001
2014-08-11,41.0,41.200001,40.110001,40.139999,241200,40.139999
2014-08-12,40.07,40.09,39.25,39.700001,182100,39.700001
2014-08-13,39.759998,40.84,39.759998,40.84,247100,40.84
2014-08-14,40.860001,41.0,40.119999,40.799999,325700,40.799999
2014-08-15,41.040001,41.59,40.240002,41.0,438100,41.0
2014-08-18,41.02,41.029999,39.880001,40.400002,312200,40.400002
2014-08-19,40.529999,40.639999,39.98,40.009998,2699800,40.009998
2014-08-20,39.919998,40.150002,39.380001,39.970001,238200,39.970001
2014-08-21,39.970001,40.139999,39.459999,39.950001,265200,39.950001
2014-08-22,39.919998,40.099998,39.299999,39.32,272400,39.32
2014-08-25,39.790001,40.150002,39.5,39.990002,633200,39.990002
2014-08-26,39.98,41.09,39.950001,40.959999,594500,40.959999
2014-08-27,40.970001,41.369999,40.18,40.25,183200,40.25
2014-08-28,39.950001,40.09,37.720001,37.880001,358100,37.880001
2014-08-29,37.889999,38.02,37.0,37.650002,602200,37.650002
2014-09-02,37.77,38.630001,37.400002,37.540001,350600,37.540001
2014-09-03,37.959999,39.380001,37.599998,38.169998,476700,38.169998
2014-09-04,38.200001,38.290001,37.73,37.84,168800,37.84
2014-09-05,37.830002,38.049999,37.189999,37.900002,146200,37.900002
2014-09-08,37.740002,38.290001,37.740002,38.049999,105800,38.049999
2014-09-09,37.91,38.060001,37.139999,37.16,124200,37.16
2014-09-10,37.220001,37.369999,36.990002,37.18,91100,37.18
2014-09-11,36.810001,37.93,36.810001,37.919998,194800,37.919998
2014-09-12,37.93,38.470001,37.759998,38.43,503400,38.43
2014-09-15,38.27,38.630001,37.91,38.43,464600,38.43
2014-09-16,38.439999,39.369999,37.939999,38.93,279800,38.93
2014-09-17,38.810001,39.560001,38.669998,39.5,325600,39.5
2014-09-18,39.639999,41.060001,39.549999,40.849998,1348100,40.849998
2014-09-19,41.029999,41.450001,39.759998,40.610001,351700,40.610001
2014-09-22,40.419998,40.709999,39.779999,40.07,164400,40.07
2014-09-23,39.889999,40.5,39.639999,39.990002,240700,39.990002
2014-09-24,40.080002,40.580002,39.779999,40.48,142500,40.48
2014-09-25,40.48,40.849998,39.889999,40.810001,249000,40.810001
2014-09-26,40.880001,42.43,40.689999,42.32,365500,42.32
2014-09-29,41.75,42.5,41.700001,42.459999,199900,42.459999
2014-09-30,42.52,44.360001,42.52,43.790001,573500,43.790001
2014-10-01,43.82,43.970001,42.459999,43.110001,431300,43.110001
2014-10-02,43.150002,43.869999,42.619999,43.330002,194400,43.330002
2014-10-03,43.73,44.139999,43.419998,43.779999,551700,43.779999
2014-10-06,43.669998,43.98,43.23,43.23,270700,43.23
2014-10-07,43.080002,43.549999,42.599998,42.790001,385400,42.790001
2014-10-08,42.790001,43.950001,42.529999,43.900002,291300,43.900002
2014-10-09,43.950001,43.98,42.080002,42.099998,315700,42.099998
2014-10-10,41.93,42.860001,41.43,41.790001,208800,41.790001
2014-10-13,41.830002,43.490002,41.48,42.540001,235700,42.540001
2014-10-14,42.84,43.560001,42.599998,43.02,250300,43.02
2014-10-15,42.380001,43.93,41.860001,43.220001,400900,43.220001
2014-10-16,42.549999,43.18,40.419998,42.82,671600,42.82
2014-10-17,43.240002,43.509998,42.0,42.209999,205800,42.209999
2014-10-20,41.900002,42.540001,41.66,42.459999,153800,42.459999
2014-10-21,42.59,42.990002,42.310001,42.919998,154900,42.919998
2014-10-22,42.919998,43.59,42.639999,43.080002,317900,43.080002
2014-10-23,43.52,45.68,43.200001,45.099998,766900,45.099998
2014-10-24,45.240002,45.48,44.16,44.360001,467200,44.360001
2014-10-27,44.41,47.470001,44.02,46.91,1268800,46.91
2014-10-28,47.130001,47.27,45.439999,47.110001,848500,47.110001
2014-10-29,47.310001,47.470001,46.369999,47.220001,321200,47.220001
2014-10-30,47.23,47.5,46.389999,47.139999,393900,47.139999
2014-10-31,46.919998,48.990002,46.919998,47.740002,752800,47.740002
2014-11-03,47.959999,47.970001,46.380001,47.709999,653900,47.709999
2014-11-04,49.200001,49.939999,42.779999,46.610001,2025100,46.610001
2014-11-05,47.52,50.0,47.040001,48.25,535200,48.25
2014-11-06,48.25,48.790001,47.470001,47.919998,270100,47.919998
2014-11-07,48.040001,48.049999,46.59,46.950001,415500,46.950001
2014-11-10,46.990002,47.16,45.73,46.98,265200,46.98
2014-11-11,47.0,48.200001,46.82,47.619999,248700,47.619999
2014-11-12,47.459999,47.860001,46.57,47.790001,151600,47.790001
2014-11-13,47.84,49.189999,47.799999,49.169998,508000,49.169998
2014-11-14,49.139999,49.700001,48.619999,49.639999,288700,49.639999
2014-11-17,49.990002,50.029999,48.02,49.689999,455100,49.689999
2014-11-18,50.0,50.34,48.52,49.110001,380000,49.110001
2014-11-19,49.099998,49.099998,47.509998,48.419998,300700,48.419998
2014-11-20,48.360001,48.740002,47.619999,48.5,208200,48.5
2014-11-21,49.110001,49.380001,48.59,48.84,236700,48.84
2014-11-24,49.07,49.630001,48.450001,49.630001,304600,49.630001
2014-11-25,49.599998,50.130001,48.84,49.509998,346000,49.509998
2014-11-26,49.540001,50.5,49.5,50.490002,190600,50.490002
2014-11-28,50.220001,52.290001,50.220001,51.029999,271800,51.029999
2014-12-01,51.029999,51.040001,49.07,49.41,336500,49.41
2014-12-02,49.400002,50.099998,49.080002,50.049999,237300,50.049999
2014-12-03,50.369999,50.52,49.389999,49.720001,225300,49.720001
2014-12-04,49.84,50.080002,49.240002,49.990002,193400,49.990002
2014-12-05,50.200001,50.82,48.790001,50.529999,1328400,50.529999
2014-12-08,50.610001,52.169998,49.860001,50.209999,423100,50.209999
2014-12-09,49.52,52.73,49.290001,51.950001,306000,51.950001
2014-12-10,51.650002,51.650002,48.599998,49.009998,357900,49.009998
2014-12-11,49.77,52.889999,49.77,51.23,408200,51.23
2014-12-12,51.040001,51.599998,50.439999,50.900002,246900,50.900002
2014-12-15,51.0,51.0,48.0,49.509998,521600,49.509998
2014-12-16,48.860001,49.189999,46.18,46.240002,688200,46.240002
2014-12-17,46.720001,48.5,46.259998,48.369999,508600,48.369999
2014-12-18,48.91,49.389999,47.93,48.290001,406300,48.290001
2014-12-19,48.0,48.59,47.709999,48.240002,832300,48.240002
2014-12-22,48.169998,48.5,47.529999,48.110001,349200,48.110001
2014-12-23,48.389999,48.970001,48.349998,48.509998,279600,48.509998
2014-12-24,48.560001,49.0,48.540001,48.84,118100,48.84
2014-12-26,49.0,49.209999,48.299999,48.84,145700,48.84
2014-12-29,48.549999,48.66,47.68,48.279999,340400,48.279999
2014-12-30,48.290001,48.810001,47.240002,47.799999,210400,47.799999
2014-12-31,47.810001,48.689999,47.43,47.75,316200,47.75
